Welcome to address book service program

mysql> select * from address_book_table where Relation="Friend";
+-----------+----------+------------+------+-------------+--------+-------------+------------------+--------------+----------+
| FirstName | LastName | Address    | City | State       | Zip    | PhoneNumber | Email            | RelativeName | Relation |
+-----------+----------+------------+------+-------------+--------+-------------+------------------+--------------+----------+
| Aniket    | Pawar    | AnupamPark | Pune | Maharashtra | 413004 |   740189237 | aniket@gmail.com | Amar         | Friend   |
+-----------+----------+------------+------+-------------+--------+-------------+------------------+--------------+----------+
1 row in set (0.00 sec)

mysql> select * from address_book_table where Relation="Uncle";
+-----------+----------+---------+---------+-------------+--------+-------------+----------------+--------------+----------+
| FirstName | LastName | Address | City    | State       | Zip    | PhoneNumber | Email          | RelativeName | Relation |
+-----------+----------+---------+---------+-------------+--------+-------------+----------------+--------------+----------+
| Amar      | Patil    | Saiful  | Solapur | Maharashtra | 413004 |   798792862 | amar@gmail.com | Anil         | Uncle    |
+-----------+----------+---------+---------+-------------+--------+-------------+----------------+--------------+----------+
1 row in set (0.00 sec)
